"Mae Hodges","46"
"Gary Potter","65"
"Betty Wise","51"
"Wayne Rose","41"
"Adam Caldwell","23"
"Lucille Phillips","26"
"Mae Hodges","46"
"Gary Potter","65"
"Betty Wise","51"
"Wayne Rose","41"
"Adam Caldwell","23"
"Lucille Phillips","26"
"Mae Hodges","46"
"Gary Potter","65"
"Betty Wise","51"
"Wayne Rose","41"
"Adam Caldwell","23"
"Lucille Phillips","26"
"Mae Hodges","46"
"Gary Potter","65"
"Betty Wise","51"
"Wayne Rose","41"
"Adam Caldwell","23"
"Lucille Phillips","26"
"Mae Hodges","46"
"Gary Potter","65"
"Betty Wise","51"
"Wayne Rose","41"
"Adam Caldwell","23"
"Lucille Phillips","26"
"Mae Hodges","46"
"Mae Hodges","46"
"Gary Potter","65"
"Mae Hodges","46"
"Gary Potter","65"
"Mae Hodges","46"
"Gary Potter","65"
